Path	Title
pg3620.txt	South American Geology also: Title: Geological Observations On South America
2355-0.txt	The Formation of Vegetable Mould through the action of worms with observations on their habits
pg2690.txt	Coral Reefs
36520-0.txt	The Descent of Man and Selection in Relation to Sex Volume II (1st Edition)
pg38629.txt	Charles Darwin: His Life in an Autobiographical Chapter, and in a Selected Series of His Published Letters
pg3704.txt	A Naturalist's Voyage Round the World The Voyage Of The Beagle
pg4346.txt	The Effects of Cross & Self-Fertilisation in the Vegetable Kingdom
pg3807.txt	The Different Forms of Flowers on Plants of the Same Species
34967-0.txt	The Descent of Man and Selection in Relation to Sex, Vol. I (1st edition)
pg2739.txt	More Letters of Charles Darwin Volume I (of II)
pg22764.txt	On the Origin of Species by Means of Natural Selection or the Preservation of Favoured Races in the Struggle for Life. (2nd edition)
pg2087.txt	The Life and Letters of Charles Darwin, Volume I (of II) Edited by His Son
pg31558.txt	A Monograph on the Sub-class Cirripedia (Volume 1 of 2) The Lepadidae; or, Pedunculated Cirripedes
pg1227.txt	The Expression of Emotion in Man and Animals
pg5765.txt	Insectivorous Plants
pg2088.txt	The Life and Letters of Charles Darwin, Volume II (of II) Edited by His Son
2485-0.txt	The Movement and Habits of Climbing Plants
pg22728.txt	The Foundations of the Origin of Species Two Essays written in 1842 and 1844
pg2872.txt	The Variation of Animals and Plants under Domestication Volume II
46408-0.txt	A Monograph on the Sub-class Cirripedia (Volume 2 of 2) The Balanidæ, (or Sessile Cirripedes); the Verrucidæ, etc., etc.
pg2740.txt	More Letters of Charles Darwin Volume II Volume II (of II)
pg2871.txt	The Variation of Animals and Plants under Domestication Volume I
